{
    "1": {
        "101.0": 0.11428594855390956,
        "102.0": 0.11428594855390956,
        "103.0": 0.9999719520692026,
        "104.0": 0.11428594855390956,
        "105.0": 0.11428594855390956,
        "106.0": 0.11428594855390956,
        "107.0": 0.9999719520692026,
        "108.0": 0.9999719520692026,
        "109.0": 0.11428594855390956,
        "110.0": 0.11428594855390956
    }
}